module,changelogs
bert_cased_L-12_H-768_A-12,<h4>Version 1</h4>\n<ul>\n<li>Initial release.</li>\n</ul>\n
bert_cased_L-24_H-1024_A-16,<h4>Version 1</h4>\n<ul>\n<li>Initial release.</li>\n</ul>\n
bert_chinese_L-12_H-768_A-12,<h4>Version 1</h4>\n<ul>\n<li>Initial release.</li>\n</ul>\n
bert_multi_cased_L-12_H-768_A-12,<h4>Version 1</h4>\n<ul>\n<li>Initial release.</li>\n</ul>\n
bert_uncased_L-12_H-768_A-12,<h4>Version 1</h4>\n<ul>\n<li>Initial release.</li>\n</ul>\n
bert_uncased_L-24_H-1024_A-16,<h4>Version 1</h4>\n<ul>\n<li>Initial release.</li>\n</ul>\n
biggan-128,<h4>Version 1</h4>\n<ul>\n<li>Initial release.</li>\n</ul>\n<h4>Version 2</h4>\n<ul>\n<li>Fixed race condition causing batch statistics for previous truncation value\n    to be used on the first run call for a new truncation value.</li>\n</ul>\n
biggan-256,<h4>Version 1</h4>\n<ul>\n<li>Initial release.</li>\n</ul>\n<h4>Version 2</h4>\n<ul>\n<li>Fixed race condition causing batch statistics for previous truncation value\n    to be used on the first run call for a new truncation value.</li>\n</ul>\n
biggan-512,<h4>Version 1</h4>\n<ul>\n<li>Initial release.</li>\n</ul>\n<h4>Version 2</h4>\n<ul>\n<li>Fixed race condition causing batch statistics for previous truncation value\n    to be used on the first run call for a new truncation value.</li>\n</ul>\n
elmo,<h4>Version 1</h4>\n<ul>\n<li>Initial release.</li>\n</ul>\n<h4>Version 2</h4>\n<ul>\n<li>Restricted trainable variables to the 4 scalar weights as described in the\npaper.</li>\n</ul>\n
image_augmentation-crop_color,<h4>Version 1</h4>\n<ul>\n<li>Initial release.</li>\n</ul>
image_augmentation-crop_rotate_color,<h4>Version 1</h4>\n<ul>\n<li>Initial release.</li>\n</ul>
image_augmentation-flipx_crop_rotate_color,<h4>Version 1</h4>\n<ul>\n<li>Initial release.</li>\n</ul>
image_augmentation-nas_cifar,<h4>Version 1</h4>\n<ul>\n<li>Initial release.</li>\n</ul>
image_augmentation-nas_imagenet,<h4>Version 1</h4>\n<ul>\n<li>Initial release.</li>\n</ul>
image_augmentation-nas_svhn,<h4>Version 1</h4>\n<ul>\n<li>Initial release.</li>\n</ul>
imagenet-inception_resnet_v2-classification,<h4>Version 1</h4>\n<ul>\n<li>Initial release.</li>\n</ul>\n<h4>Version 3</h4>\n<ul>\n<li>Support for variable input size.</li>\n<li>Fine-tuning: change default batch norm momentum to 0.99 and\n    make it configurable.</li>\n<li>Requires PIP package <code>tensorflow-hub&gt;=0.2.0</code>.</li>\n</ul>
imagenet-inception_resnet_v2-feature_vector,<h4>Version 1</h4>\n<ul>\n<li>Initial release.</li>\n</ul>\n<h4>Version 3</h4>\n<ul>\n<li>Support for variable input size.</li>\n<li>Fine-tuning: change default batch norm momentum to 0.99 and\n    make it configurable.</li>\n<li>Requires PIP package <code>tensorflow-hub&gt;=0.2.0</code>.</li>\n</ul>
imagenet-inception_v1-classification,<h4>Version 1</h4>\n<ul>\n<li>Initial release.</li>\n</ul>\n<h4>Version 3</h4>\n<ul>\n<li>Support for variable input size.</li>\n<li>Fine-tuning: change default batch norm momentum to 0.99 and\n    make it configurable.</li>\n<li>Requires PIP package <code>tensorflow-hub&gt;=0.2.0</code>.</li>\n</ul>
imagenet-inception_v1-feature_vector,<h4>Version 1</h4>\n<ul>\n<li>Initial release.</li>\n</ul>\n<h4>Version 3</h4>\n<ul>\n<li>Support for variable input size.</li>\n<li>Fine-tuning: change default batch norm momentum to 0.99 and\n    make it configurable.</li>\n<li>Requires PIP package <code>tensorflow-hub&gt;=0.2.0</code>.</li>\n</ul>
imagenet-inception_v2-classification,<h4>Version 1</h4>\n<ul>\n<li>Initial release.</li>\n</ul>\n<h4>Version 3</h4>\n<ul>\n<li>Support for variable input size.</li>\n<li>Fine-tuning: change default batch norm momentum to 0.99 and\n    make it configurable.</li>\n<li>Requires PIP package <code>tensorflow-hub&gt;=0.2.0</code>.</li>\n</ul>
imagenet-inception_v2-feature_vector,<h4>Version 1</h4>\n<ul>\n<li>Initial release.</li>\n</ul>\n<h4>Version 3</h4>\n<ul>\n<li>Support for variable input size.</li>\n<li>Fine-tuning: change default batch norm momentum to 0.99 and\n    make it configurable.</li>\n<li>Requires PIP package <code>tensorflow-hub&gt;=0.2.0</code>.</li>\n</ul>
imagenet-inception_v3-classification,<h4>Version 1</h4>\n<ul>\n<li>Initial release.</li>\n</ul>\n<h4>Version 3</h4>\n<ul>\n<li>Support for variable input size.</li>\n<li>Fine-tuning: change default batch norm momentum to 0.99 and\n    make it configurable.</li>\n<li>Requires PIP package <code>tensorflow-hub&gt;=0.2.0</code>.</li>\n</ul>
imagenet-inception_v3-feature_vector,<h4>Version 1</h4>\n<ul>\n<li>Initial release.</li>\n</ul>\n<h4>Version 3</h4>\n<ul>\n<li>Support for variable input size.</li>\n<li>Fine-tuning: change default batch norm momentum to 0.99 and\n    make it configurable.</li>\n<li>Requires PIP package <code>tensorflow-hub&gt;=0.2.0</code>.</li>\n</ul>
imagenet-mobilenet_v1_025_128-classification,<h4>Version 1</h4>\n<ul>\n<li>Initial release.</li>\n</ul>\n<h4>Version 3</h4>\n<ul>\n<li>Support for variable input size.</li>\n<li>Fine-tuning: change default batch norm momentum to 0.99 and\n    make it configurable.</li>\n<li>Requires PIP package <code>tensorflow-hub&gt;=0.2.0</code>.</li>\n</ul>
imagenet-mobilenet_v1_025_128-feature_vector,<h4>Version 1</h4>\n<ul>\n<li>Initial release.</li>\n</ul>\n<h4>Version 3</h4>\n<ul>\n<li>Support for variable input size.</li>\n<li>Fine-tuning: change default batch norm momentum to 0.99 and\n    make it configurable.</li>\n<li>Requires PIP package <code>tensorflow-hub&gt;=0.2.0</code>.</li>\n</ul>
imagenet-mobilenet_v1_025_128-quantops-classification,<h4>Version 1</h4>\n<ul>\n<li>Initial release.</li>\n</ul>\n<h4>Version 3</h4>\n<ul>\n<li>Avoids crash in some TFLite/toco versions\n    (<a href="https://github.com/tensorflow/hub/issues/109">GitHub issue 109</a>)\n    by overestimating quantization boundaries on input image by 0.05%.</li>\n<li>Requires PIP package <code>tensorflow-hub&gt;=0.2.0</code>.</li>\n</ul>
imagenet-mobilenet_v1_025_128-quantops-feature_vector,<h4>Version 1</h4>\n<ul>\n<li>Initial release.</li>\n</ul>\n<h4>Version 3</h4>\n<ul>\n<li>Avoids crash in some TFLite/toco versions\n    (<a href="https://github.com/tensorflow/hub/issues/109">GitHub issue 109</a>)\n    by overestimating quantization boundaries on input image by 0.05%.</li>\n<li>Requires PIP package <code>tensorflow-hub&gt;=0.2.0</code>.</li>\n</ul>
imagenet-mobilenet_v1_025_160-classification,<h4>Version 1</h4>\n<ul>\n<li>Initial release.</li>\n</ul>\n<h4>Version 3</h4>\n<ul>\n<li>Support for variable input size.</li>\n<li>Fine-tuning: change default batch norm momentum to 0.99 and\n    make it configurable.</li>\n<li>Requires PIP package <code>tensorflow-hub&gt;=0.2.0</code>.</li>\n</ul>
imagenet-mobilenet_v1_025_160-feature_vector,<h4>Version 1</h4>\n<ul>\n<li>Initial release.</li>\n</ul>\n<h4>Version 3</h4>\n<ul>\n<li>Support for variable input size.</li>\n<li>Fine-tuning: change default batch norm momentum to 0.99 and\n    make it configurable.</li>\n<li>Requires PIP package <code>tensorflow-hub&gt;=0.2.0</code>.</li>\n</ul>
imagenet-mobilenet_v1_025_160-quantops-classification,<h4>Version 1</h4>\n<ul>\n<li>Initial release.</li>\n</ul>\n<h4>Version 3</h4>\n<ul>\n<li>Avoids crash in some TFLite/toco versions\n    (<a href="https://github.com/tensorflow/hub/issues/109">GitHub issue 109</a>)\n    by overestimating quantization boundaries on input image by 0.05%.</li>\n<li>Requires PIP package <code>tensorflow-hub&gt;=0.2.0</code>.</li>\n</ul>
imagenet-mobilenet_v1_025_160-quantops-feature_vector,<h4>Version 1</h4>\n<ul>\n<li>Initial release.</li>\n</ul>\n<h4>Version 3</h4>\n<ul>\n<li>Avoids crash in some TFLite/toco versions\n    (<a href="https://github.com/tensorflow/hub/issues/109">GitHub issue 109</a>)\n    by overestimating quantization boundaries on input image by 0.05%.</li>\n<li>Requires PIP package <code>tensorflow-hub&gt;=0.2.0</code>.</li>\n</ul>
imagenet-mobilenet_v1_025_192-classification,<h4>Version 1</h4>\n<ul>\n<li>Initial release.</li>\n</ul>\n<h4>Version 3</h4>\n<ul>\n<li>Support for variable input size.</li>\n<li>Fine-tuning: change default batch norm momentum to 0.99 and\n    make it configurable.</li>\n<li>Requires PIP package <code>tensorflow-hub&gt;=0.2.0</code>.</li>\n</ul>
imagenet-mobilenet_v1_025_192-feature_vector,<h4>Version 1</h4>\n<ul>\n<li>Initial release.</li>\n</ul>\n<h4>Version 3</h4>\n<ul>\n<li>Support for variable input size.</li>\n<li>Fine-tuning: change default batch norm momentum to 0.99 and\n    make it configurable.</li>\n<li>Requires PIP package <code>tensorflow-hub&gt;=0.2.0</code>.</li>\n</ul>
imagenet-mobilenet_v1_025_192-quantops-classification,<h4>Version 1</h4>\n<ul>\n<li>Initial release.</li>\n</ul>\n<h4>Version 3</h4>\n<ul>\n<li>Avoids crash in some TFLite/toco versions\n    (<a href="https://github.com/tensorflow/hub/issues/109">GitHub issue 109</a>)\n    by overestimating quantization boundaries on input image by 0.05%.</li>\n<li>Requires PIP package <code>tensorflow-hub&gt;=0.2.0</code>.</li>\n</ul>
imagenet-mobilenet_v1_025_192-quantops-feature_vector,<h4>Version 1</h4>\n<ul>\n<li>Initial release.</li>\n</ul>\n<h4>Version 3</h4>\n<ul>\n<li>Avoids crash in some TFLite/toco versions\n    (<a href="https://github.com/tensorflow/hub/issues/109">GitHub issue 109</a>)\n    by overestimating quantization boundaries on input image by 0.05%.</li>\n<li>Requires PIP package <code>tensorflow-hub&gt;=0.2.0</code>.</li>\n</ul>
imagenet-mobilenet_v1_025_224-classification,<h4>Version 1</h4>\n<ul>\n<li>Initial release.</li>\n</ul>\n<h4>Version 3</h4>\n<ul>\n<li>Support for variable input size.</li>\n<li>Fine-tuning: change default batch norm momentum to 0.99 and\n    make it configurable.</li>\n<li>Requires PIP package <code>tensorflow-hub&gt;=0.2.0</code>.</li>\n</ul>
imagenet-mobilenet_v1_025_224-feature_vector,<h4>Version 1</h4>\n<ul>\n<li>Initial release.</li>\n</ul>\n<h4>Version 3</h4>\n<ul>\n<li>Support for variable input size.</li>\n<li>Fine-tuning: change default batch norm momentum to 0.99 and\n    make it configurable.</li>\n<li>Requires PIP package <code>tensorflow-hub&gt;=0.2.0</code>.</li>\n</ul>
imagenet-mobilenet_v1_025_224-quantops-classification,<h4>Version 1</h4>\n<ul>\n<li>Initial release.</li>\n</ul>\n<h4>Version 3</h4>\n<ul>\n<li>Avoids crash in some TFLite/toco versions\n    (<a href="https://github.com/tensorflow/hub/issues/109">GitHub issue 109</a>)\n    by overestimating quantization boundaries on input image by 0.05%.</li>\n<li>Requires PIP package <code>tensorflow-hub&gt;=0.2.0</code>.</li>\n</ul>
imagenet-mobilenet_v1_025_224-quantops-feature_vector,<h4>Version 1</h4>\n<ul>\n<li>Initial release.</li>\n</ul>\n<h4>Version 3</h4>\n<ul>\n<li>Avoids crash in some TFLite/toco versions\n    (<a href="https://github.com/tensorflow/hub/issues/109">GitHub issue 109</a>)\n    by overestimating quantization boundaries on input image by 0.05%.</li>\n<li>Requires PIP package <code>tensorflow-hub&gt;=0.2.0</code>.</li>\n</ul>
imagenet-mobilenet_v1_050_128-classification,<h4>Version 1</h4>\n<ul>\n<li>Initial release.</li>\n</ul>\n<h4>Version 3</h4>\n<ul>\n<li>Support for variable input size.</li>\n<li>Fine-tuning: change default batch norm momentum to 0.99 and\n    make it configurable.</li>\n<li>Requires PIP package <code>tensorflow-hub&gt;=0.2.0</code>.</li>\n</ul>
imagenet-mobilenet_v1_050_128-feature_vector,<h4>Version 1</h4>\n<ul>\n<li>Initial release.</li>\n</ul>\n<h4>Version 3</h4>\n<ul>\n<li>Support for variable input size.</li>\n<li>Fine-tuning: change default batch norm momentum to 0.99 and\n    make it configurable.</li>\n<li>Requires PIP package <code>tensorflow-hub&gt;=0.2.0</code>.</li>\n</ul>
imagenet-mobilenet_v1_050_128-quantops-classification,<h4>Version 1</h4>\n<ul>\n<li>Initial release.</li>\n</ul>\n<h4>Version 3</h4>\n<ul>\n<li>Avoids crash in some TFLite/toco versions\n    (<a href="https://github.com/tensorflow/hub/issues/109">GitHub issue 109</a>)\n    by overestimating quantization boundaries on input image by 0.05%.</li>\n<li>Requires PIP package <code>tensorflow-hub&gt;=0.2.0</code>.</li>\n</ul>
imagenet-mobilenet_v1_050_128-quantops-feature_vector,<h4>Version 1</h4>\n<ul>\n<li>Initial release.</li>\n</ul>\n<h4>Version 3</h4>\n<ul>\n<li>Avoids crash in some TFLite/toco versions\n    (<a href="https://github.com/tensorflow/hub/issues/109">GitHub issue 109</a>)\n    by overestimating quantization boundaries on input image by 0.05%.</li>\n<li>Requires PIP package <code>tensorflow-hub&gt;=0.2.0</code>.</li>\n</ul>
imagenet-mobilenet_v1_050_160-classification,<h4>Version 1</h4>\n<ul>\n<li>Initial release.</li>\n</ul>\n<h4>Version 3</h4>\n<ul>\n<li>Support for variable input size.</li>\n<li>Fine-tuning: change default batch norm momentum to 0.99 and\n    make it configurable.</li>\n<li>Requires PIP package <code>tensorflow-hub&gt;=0.2.0</code>.</li>\n</ul>
imagenet-mobilenet_v1_050_160-feature_vector,<h4>Version 1</h4>\n<ul>\n<li>Initial release.</li>\n</ul>\n<h4>Version 3</h4>\n<ul>\n<li>Support for variable input size.</li>\n<li>Fine-tuning: change default batch norm momentum to 0.99 and\n    make it configurable.</li>\n<li>Requires PIP package <code>tensorflow-hub&gt;=0.2.0</code>.</li>\n</ul>
imagenet-mobilenet_v1_050_160-quantops-classification,<h4>Version 1</h4>\n<ul>\n<li>Initial release.</li>\n</ul>\n<h4>Version 3</h4>\n<ul>\n<li>Avoids crash in some TFLite/toco versions\n    (<a href="https://github.com/tensorflow/hub/issues/109">GitHub issue 109</a>)\n    by overestimating quantization boundaries on input image by 0.05%.</li>\n<li>Requires PIP package <code>tensorflow-hub&gt;=0.2.0</code>.</li>\n</ul>
imagenet-mobilenet_v1_050_160-quantops-feature_vector,<h4>Version 1</h4>\n<ul>\n<li>Initial release.</li>\n</ul>\n<h4>Version 3</h4>\n<ul>\n<li>Avoids crash in some TFLite/toco versions\n    (<a href="https://github.com/tensorflow/hub/issues/109">GitHub issue 109</a>)\n    by overestimating quantization boundaries on input image by 0.05%.</li>\n<li>Requires PIP package <code>tensorflow-hub&gt;=0.2.0</code>.</li>\n</ul>
imagenet-mobilenet_v1_050_192-classification,<h4>Version 1</h4>\n<ul>\n<li>Initial release.</li>\n</ul>\n<h4>Version 3</h4>\n<ul>\n<li>Support for variable input size.</li>\n<li>Fine-tuning: change default batch norm momentum to 0.99 and\n    make it configurable.</li>\n<li>Requires PIP package <code>tensorflow-hub&gt;=0.2.0</code>.</li>\n</ul>
imagenet-mobilenet_v1_050_192-feature_vector,<h4>Version 1</h4>\n<ul>\n<li>Initial release.</li>\n</ul>\n<h4>Version 3</h4>\n<ul>\n<li>Support for variable input size.</li>\n<li>Fine-tuning: change default batch norm momentum to 0.99 and\n    make it configurable.</li>\n<li>Requires PIP package <code>tensorflow-hub&gt;=0.2.0</code>.</li>\n</ul>
imagenet-mobilenet_v1_050_192-quantops-classification,<h4>Version 1</h4>\n<ul>\n<li>Initial release.</li>\n</ul>\n<h4>Version 3</h4>\n<ul>\n<li>Avoids crash in some TFLite/toco versions\n    (<a href="https://github.com/tensorflow/hub/issues/109">GitHub issue 109</a>)\n    by overestimating quantization boundaries on input image by 0.05%.</li>\n<li>Requires PIP package <code>tensorflow-hub&gt;=0.2.0</code>.</li>\n</ul>
imagenet-mobilenet_v1_050_192-quantops-feature_vector,<h4>Version 1</h4>\n<ul>\n<li>Initial release.</li>\n</ul>\n<h4>Version 3</h4>\n<ul>\n<li>Avoids crash in some TFLite/toco versions\n    (<a href="https://github.com/tensorflow/hub/issues/109">GitHub issue 109</a>)\n    by overestimating quantization boundaries on input image by 0.05%.</li>\n<li>Requires PIP package <code>tensorflow-hub&gt;=0.2.0</code>.</li>\n</ul>
imagenet-mobilenet_v1_050_224-classification,<h4>Version 1</h4>\n<ul>\n<li>Initial release.</li>\n</ul>\n<h4>Version 3</h4>\n<ul>\n<li>Support for variable input size.</li>\n<li>Fine-tuning: change default batch norm momentum to 0.99 and\n    make it configurable.</li>\n<li>Requires PIP package <code>tensorflow-hub&gt;=0.2.0</code>.</li>\n</ul>
imagenet-mobilenet_v1_050_224-feature_vector,<h4>Version 1</h4>\n<ul>\n<li>Initial release.</li>\n</ul>\n<h4>Version 3</h4>\n<ul>\n<li>Support for variable input size.</li>\n<li>Fine-tuning: change default batch norm momentum to 0.99 and\n    make it configurable.</li>\n<li>Requires PIP package <code>tensorflow-hub&gt;=0.2.0</code>.</li>\n</ul>
imagenet-mobilenet_v1_050_224-quantops-classification,<h4>Version 1</h4>\n<ul>\n<li>Initial release.</li>\n</ul>\n<h4>Version 3</h4>\n<ul>\n<li>Avoids crash in some TFLite/toco versions\n    (<a href="https://github.com/tensorflow/hub/issues/109">GitHub issue 109</a>)\n    by overestimating quantization boundaries on input image by 0.05%.</li>\n<li>Requires PIP package <code>tensorflow-hub&gt;=0.2.0</code>.</li>\n</ul>
imagenet-mobilenet_v1_050_224-quantops-feature_vector,<h4>Version 1</h4>\n<ul>\n<li>Initial release.</li>\n</ul>\n<h4>Version 3</h4>\n<ul>\n<li>Avoids crash in some TFLite/toco versions\n    (<a href="https://github.com/tensorflow/hub/issues/109">GitHub issue 109</a>)\n    by overestimating quantization boundaries on input image by 0.05%.</li>\n<li>Requires PIP package <code>tensorflow-hub&gt;=0.2.0</code>.</li>\n</ul>
imagenet-mobilenet_v1_075_128-classification,<h4>Version 1</h4>\n<ul>\n<li>Initial release.</li>\n</ul>\n<h4>Version 3</h4>\n<ul>\n<li>Support for variable input size.</li>\n<li>Fine-tuning: change default batch norm momentum to 0.99 and\n    make it configurable.</li>\n<li>Requires PIP package <code>tensorflow-hub&gt;=0.2.0</code>.</li>\n</ul>
imagenet-mobilenet_v1_075_128-feature_vector,<h4>Version 1</h4>\n<ul>\n<li>Initial release.</li>\n</ul>\n<h4>Version 3</h4>\n<ul>\n<li>Support for variable input size.</li>\n<li>Fine-tuning: change default batch norm momentum to 0.99 and\n    make it configurable.</li>\n<li>Requires PIP package <code>tensorflow-hub&gt;=0.2.0</code>.</li>\n</ul>
imagenet-mobilenet_v1_075_128-quantops-classification,<h4>Version 1</h4>\n<ul>\n<li>Initial release.</li>\n</ul>\n<h4>Version 3</h4>\n<ul>\n<li>Avoids crash in some TFLite/toco versions\n    (<a href="https://github.com/tensorflow/hub/issues/109">GitHub issue 109</a>)\n    by overestimating quantization boundaries on input image by 0.05%.</li>\n<li>Requires PIP package <code>tensorflow-hub&gt;=0.2.0</code>.</li>\n</ul>
imagenet-mobilenet_v1_075_128-quantops-feature_vector,<h4>Version 1</h4>\n<ul>\n<li>Initial release.</li>\n</ul>\n<h4>Version 3</h4>\n<ul>\n<li>Avoids crash in some TFLite/toco versions\n    (<a href="https://github.com/tensorflow/hub/issues/109">GitHub issue 109</a>)\n    by overestimating quantization boundaries on input image by 0.05%.</li>\n<li>Requires PIP package <code>tensorflow-hub&gt;=0.2.0</code>.</li>\n</ul>
imagenet-mobilenet_v1_075_160-classification,<h4>Version 1</h4>\n<ul>\n<li>Initial release.</li>\n</ul>\n<h4>Version 3</h4>\n<ul>\n<li>Support for variable input size.</li>\n<li>Fine-tuning: change default batch norm momentum to 0.99 and\n    make it configurable.</li>\n<li>Requires PIP package <code>tensorflow-hub&gt;=0.2.0</code>.</li>\n</ul>
imagenet-mobilenet_v1_075_160-feature_vector,<h4>Version 1</h4>\n<ul>\n<li>Initial release.</li>\n</ul>\n<h4>Version 3</h4>\n<ul>\n<li>Support for variable input size.</li>\n<li>Fine-tuning: change default batch norm momentum to 0.99 and\n    make it configurable.</li>\n<li>Requires PIP package <code>tensorflow-hub&gt;=0.2.0</code>.</li>\n</ul>
imagenet-mobilenet_v1_075_160-quantops-classification,<h4>Version 1</h4>\n<ul>\n<li>Initial release.</li>\n</ul>\n<h4>Version 3</h4>\n<ul>\n<li>Avoids crash in some TFLite/toco versions\n    (<a href="https://github.com/tensorflow/hub/issues/109">GitHub issue 109</a>)\n    by overestimating quantization boundaries on input image by 0.05%.</li>\n<li>Requires PIP package <code>tensorflow-hub&gt;=0.2.0</code>.</li>\n</ul>
imagenet-mobilenet_v1_075_160-quantops-feature_vector,<h4>Version 1</h4>\n<ul>\n<li>Initial release.</li>\n</ul>\n<h4>Version 3</h4>\n<ul>\n<li>Avoids crash in some TFLite/toco versions\n    (<a href="https://github.com/tensorflow/hub/issues/109">GitHub issue 109</a>)\n    by overestimating quantization boundaries on input image by 0.05%.</li>\n<li>Requires PIP package <code>tensorflow-hub&gt;=0.2.0</code>.</li>\n</ul>
imagenet-mobilenet_v1_075_192-classification,<h4>Version 1</h4>\n<ul>\n<li>Initial release.</li>\n</ul>\n<h4>Version 3</h4>\n<ul>\n<li>Support for variable input size.</li>\n<li>Fine-tuning: change default batch norm momentum to 0.99 and\n    make it configurable.</li>\n<li>Requires PIP package <code>tensorflow-hub&gt;=0.2.0</code>.</li>\n</ul>
imagenet-mobilenet_v1_075_192-feature_vector,<h4>Version 1</h4>\n<ul>\n<li>Initial release.</li>\n</ul>\n<h4>Version 3</h4>\n<ul>\n<li>Support for variable input size.</li>\n<li>Fine-tuning: change default batch norm momentum to 0.99 and\n    make it configurable.</li>\n<li>Requires PIP package <code>tensorflow-hub&gt;=0.2.0</code>.</li>\n</ul>
imagenet-mobilenet_v1_075_192-quantops-classification,<h4>Version 1</h4>\n<ul>\n<li>Initial release.</li>\n</ul>\n<h4>Version 3</h4>\n<ul>\n<li>Avoids crash in some TFLite/toco versions\n    (<a href="https://github.com/tensorflow/hub/issues/109">GitHub issue 109</a>)\n    by overestimating quantization boundaries on input image by 0.05%.</li>\n<li>Requires PIP package <code>tensorflow-hub&gt;=0.2.0</code>.</li>\n</ul>
imagenet-mobilenet_v1_075_192-quantops-feature_vector,<h4>Version 1</h4>\n<ul>\n<li>Initial release.</li>\n</ul>\n<h4>Version 3</h4>\n<ul>\n<li>Avoids crash in some TFLite/toco versions\n    (<a href="https://github.com/tensorflow/hub/issues/109">GitHub issue 109</a>)\n    by overestimating quantization boundaries on input image by 0.05%.</li>\n<li>Requires PIP package <code>tensorflow-hub&gt;=0.2.0</code>.</li>\n</ul>
imagenet-mobilenet_v1_075_224-classification,<h4>Version 1</h4>\n<ul>\n<li>Initial release.</li>\n</ul>\n<h4>Version 3</h4>\n<ul>\n<li>Support for variable input size.</li>\n<li>Fine-tuning: change default batch norm momentum to 0.99 and\n    make it configurable.</li>\n<li>Requires PIP package <code>tensorflow-hub&gt;=0.2.0</code>.</li>\n</ul>
imagenet-mobilenet_v1_075_224-feature_vector,<h4>Version 1</h4>\n<ul>\n<li>Initial release.</li>\n</ul>\n<h4>Version 3</h4>\n<ul>\n<li>Support for variable input size.</li>\n<li>Fine-tuning: change default batch norm momentum to 0.99 and\n    make it configurable.</li>\n<li>Requires PIP package <code>tensorflow-hub&gt;=0.2.0</code>.</li>\n</ul>
imagenet-mobilenet_v1_075_224-quantops-classification,<h4>Version 1</h4>\n<ul>\n<li>Initial release.</li>\n</ul>\n<h4>Version 3</h4>\n<ul>\n<li>Avoids crash in some TFLite/toco versions\n    (<a href="https://github.com/tensorflow/hub/issues/109">GitHub issue 109</a>)\n    by overestimating quantization boundaries on input image by 0.05%.</li>\n<li>Requires PIP package <code>tensorflow-hub&gt;=0.2.0</code>.</li>\n</ul>
imagenet-mobilenet_v1_075_224-quantops-feature_vector,<h4>Version 1</h4>\n<ul>\n<li>Initial release.</li>\n</ul>\n<h4>Version 3</h4>\n<ul>\n<li>Avoids crash in some TFLite/toco versions\n    (<a href="https://github.com/tensorflow/hub/issues/109">GitHub issue 109</a>)\n    by overestimating quantization boundaries on input image by 0.05%.</li>\n<li>Requires PIP package <code>tensorflow-hub&gt;=0.2.0</code>.</li>\n</ul>
imagenet-mobilenet_v1_100_128-classification,<h4>Version 1</h4>\n<ul>\n<li>Initial release.</li>\n</ul>\n<h4>Version 3</h4>\n<ul>\n<li>Support for variable input size.</li>\n<li>Fine-tuning: change default batch norm momentum to 0.99 and\n    make it configurable.</li>\n<li>Requires PIP package <code>tensorflow-hub&gt;=0.2.0</code>.</li>\n</ul>
imagenet-mobilenet_v1_100_128-feature_vector,<h4>Version 1</h4>\n<ul>\n<li>Initial release.</li>\n</ul>\n<h4>Version 3</h4>\n<ul>\n<li>Support for variable input size.</li>\n<li>Fine-tuning: change default batch norm momentum to 0.99 and\n    make it configurable.</li>\n<li>Requires PIP package <code>tensorflow-hub&gt;=0.2.0</code>.</li>\n</ul>
imagenet-mobilenet_v1_100_128-quantops-classification,<h4>Version 1</h4>\n<ul>\n<li>Initial release.</li>\n</ul>\n<h4>Version 3</h4>\n<ul>\n<li>Avoids crash in some TFLite/toco versions\n    (<a href="https://github.com/tensorflow/hub/issues/109">GitHub issue 109</a>)\n    by overestimating quantization boundaries on input image by 0.05%.</li>\n<li>Requires PIP package <code>tensorflow-hub&gt;=0.2.0</code>.</li>\n</ul>
imagenet-mobilenet_v1_100_128-quantops-feature_vector,<h4>Version 1</h4>\n<ul>\n<li>Initial release.</li>\n</ul>\n<h4>Version 3</h4>\n<ul>\n<li>Avoids crash in some TFLite/toco versions\n    (<a href="https://github.com/tensorflow/hub/issues/109">GitHub issue 109</a>)\n    by overestimating quantization boundaries on input image by 0.05%.</li>\n<li>Requires PIP package <code>tensorflow-hub&gt;=0.2.0</code>.</li>\n</ul>
imagenet-mobilenet_v1_100_160-classification,<h4>Version 1</h4>\n<ul>\n<li>Initial release.</li>\n</ul>\n<h4>Version 3</h4>\n<ul>\n<li>Support for variable input size.</li>\n<li>Fine-tuning: change default batch norm momentum to 0.99 and\n    make it configurable.</li>\n<li>Requires PIP package <code>tensorflow-hub&gt;=0.2.0</code>.</li>\n</ul>
imagenet-mobilenet_v1_100_160-feature_vector,<h4>Version 1</h4>\n<ul>\n<li>Initial release.</li>\n</ul>\n<h4>Version 3</h4>\n<ul>\n<li>Support for variable input size.</li>\n<li>Fine-tuning: change default batch norm momentum to 0.99 and\n    make it configurable.</li>\n<li>Requires PIP package <code>tensorflow-hub&gt;=0.2.0</code>.</li>\n</ul>
imagenet-mobilenet_v1_100_160-quantops-classification,<h4>Version 1</h4>\n<ul>\n<li>Initial release.</li>\n</ul>\n<h4>Version 3</h4>\n<ul>\n<li>Avoids crash in some TFLite/toco versions\n    (<a href="https://github.com/tensorflow/hub/issues/109">GitHub issue 109</a>)\n    by overestimating quantization boundaries on input image by 0.05%.</li>\n<li>Requires PIP package <code>tensorflow-hub&gt;=0.2.0</code>.</li>\n</ul>
imagenet-mobilenet_v1_100_160-quantops-feature_vector,<h4>Version 1</h4>\n<ul>\n<li>Initial release.</li>\n</ul>\n<h4>Version 3</h4>\n<ul>\n<li>Avoids crash in some TFLite/toco versions\n    (<a href="https://github.com/tensorflow/hub/issues/109">GitHub issue 109</a>)\n    by overestimating quantization boundaries on input image by 0.05%.</li>\n<li>Requires PIP package <code>tensorflow-hub&gt;=0.2.0</code>.</li>\n</ul>
imagenet-mobilenet_v1_100_192-classification,<h4>Version 1</h4>\n<ul>\n<li>Initial release.</li>\n</ul>\n<h4>Version 3</h4>\n<ul>\n<li>Support for variable input size.</li>\n<li>Fine-tuning: change default batch norm momentum to 0.99 and\n    make it configurable.</li>\n<li>Requires PIP package <code>tensorflow-hub&gt;=0.2.0</code>.</li>\n</ul>
imagenet-mobilenet_v1_100_192-feature_vector,<h4>Version 1</h4>\n<ul>\n<li>Initial release.</li>\n</ul>\n<h4>Version 3</h4>\n<ul>\n<li>Support for variable input size.</li>\n<li>Fine-tuning: change default batch norm momentum to 0.99 and\n    make it configurable.</li>\n<li>Requires PIP package <code>tensorflow-hub&gt;=0.2.0</code>.</li>\n</ul>
imagenet-mobilenet_v1_100_192-quantops-classification,<h4>Version 1</h4>\n<ul>\n<li>Initial release.</li>\n</ul>\n<h4>Version 3</h4>\n<ul>\n<li>Avoids crash in some TFLite/toco versions\n    (<a href="https://github.com/tensorflow/hub/issues/109">GitHub issue 109</a>)\n    by overestimating quantization boundaries on input image by 0.05%.</li>\n<li>Requires PIP package <code>tensorflow-hub&gt;=0.2.0</code>.</li>\n</ul>
imagenet-mobilenet_v1_100_192-quantops-feature_vector,<h4>Version 1</h4>\n<ul>\n<li>Initial release.</li>\n</ul>\n<h4>Version 3</h4>\n<ul>\n<li>Avoids crash in some TFLite/toco versions\n    (<a href="https://github.com/tensorflow/hub/issues/109">GitHub issue 109</a>)\n    by overestimating quantization boundaries on input image by 0.05%.</li>\n<li>Requires PIP package <code>tensorflow-hub&gt;=0.2.0</code>.</li>\n</ul>
imagenet-mobilenet_v1_100_224-classification,<h4>Version 1</h4>\n<ul>\n<li>Initial release.</li>\n</ul>\n<h4>Version 3</h4>\n<ul>\n<li>Support for variable input size.</li>\n<li>Fine-tuning: change default batch norm momentum to 0.99 and\n    make it configurable.</li>\n<li>Requires PIP package <code>tensorflow-hub&gt;=0.2.0</code>.</li>\n</ul>
imagenet-mobilenet_v1_100_224-feature_vector,<h4>Version 1</h4>\n<ul>\n<li>Initial release.</li>\n</ul>\n<h4>Version 3</h4>\n<ul>\n<li>Support for variable input size.</li>\n<li>Fine-tuning: change default batch norm momentum to 0.99 and\n    make it configurable.</li>\n<li>Requires PIP package <code>tensorflow-hub&gt;=0.2.0</code>.</li>\n</ul>
imagenet-mobilenet_v1_100_224-quantops-classification,<h4>Version 1</h4>\n<ul>\n<li>Initial release.</li>\n</ul>\n<h4>Version 3</h4>\n<ul>\n<li>Avoids crash in some TFLite/toco versions\n    (<a href="https://github.com/tensorflow/hub/issues/109">GitHub issue 109</a>)\n    by overestimating quantization boundaries on input image by 0.05%.</li>\n<li>Requires PIP package <code>tensorflow-hub&gt;=0.2.0</code>.</li>\n</ul>
imagenet-mobilenet_v1_100_224-quantops-feature_vector,<h4>Version 1</h4>\n<ul>\n<li>Initial release.</li>\n</ul>\n<h4>Version 3</h4>\n<ul>\n<li>Avoids crash in some TFLite/toco versions\n    (<a href="https://github.com/tensorflow/hub/issues/109">GitHub issue 109</a>)\n    by overestimating quantization boundaries on input image by 0.05%.</li>\n<li>Requires PIP package <code>tensorflow-hub&gt;=0.2.0</code>.</li>\n</ul>
imagenet-mobilenet_v2_035_128-classification,<h4>Version 1</h4>\n<ul>\n<li>Initial release.</li>\n</ul>\n<h4>Version 2</h4>\n<ul>\n<li>Fixed broken UPDATE_OPS for fine-tuning*comma*\n    <a href="https://github.com/tensorflow/hub/issues/86">GitHub issue 86</a>.</li>\n</ul>\n<h4>Version 3</h4>\n<ul>\n<li>Fine-tuning: change default batch norm momentum to 0.99 and\n    make it configurable.</li>\n<li>Requires PIP package <code>tensorflow-hub&gt;=0.2.0</code>.</li>\n</ul>
imagenet-mobilenet_v2_035_128-feature_vector,<h4>Version 1</h4>\n<ul>\n<li>Initial release.</li>\n</ul>\n<h4>Version 2</h4>\n<ul>\n<li>Fixed broken UPDATE_OPS for fine-tuning*comma*\n    <a href="https://github.com/tensorflow/hub/issues/86">GitHub issue 86</a>.</li>\n</ul>\n<h4>Version 3</h4>\n<ul>\n<li>Fine-tuning: change default batch norm momentum to 0.99 and\n    make it configurable.</li>\n<li>Requires PIP package <code>tensorflow-hub&gt;=0.2.0</code>.</li>\n</ul>
imagenet-mobilenet_v2_035_160-classification,<h4>Version 1</h4>\n<ul>\n<li>Initial release.</li>\n</ul>\n<h4>Version 2</h4>\n<ul>\n<li>Fixed broken UPDATE_OPS for fine-tuning*comma*\n    <a href="https://github.com/tensorflow/hub/issues/86">GitHub issue 86</a>.</li>\n</ul>\n<h4>Version 3</h4>\n<ul>\n<li>Fine-tuning: change default batch norm momentum to 0.99 and\n    make it configurable.</li>\n<li>Requires PIP package <code>tensorflow-hub&gt;=0.2.0</code>.</li>\n</ul>
imagenet-mobilenet_v2_035_160-feature_vector,<h4>Version 1</h4>\n<ul>\n<li>Initial release.</li>\n</ul>\n<h4>Version 2</h4>\n<ul>\n<li>Fixed broken UPDATE_OPS for fine-tuning*comma*\n    <a href="https://github.com/tensorflow/hub/issues/86">GitHub issue 86</a>.</li>\n</ul>\n<h4>Version 3</h4>\n<ul>\n<li>Fine-tuning: change default batch norm momentum to 0.99 and\n    make it configurable.</li>\n<li>Requires PIP package <code>tensorflow-hub&gt;=0.2.0</code>.</li>\n</ul>
imagenet-mobilenet_v2_035_192-classification,<h4>Version 1</h4>\n<ul>\n<li>Initial release.</li>\n</ul>\n<h4>Version 2</h4>\n<ul>\n<li>Fixed broken UPDATE_OPS for fine-tuning*comma*\n    <a href="https://github.com/tensorflow/hub/issues/86">GitHub issue 86</a>.</li>\n</ul>\n<h4>Version 3</h4>\n<ul>\n<li>Fine-tuning: change default batch norm momentum to 0.99 and\n    make it configurable.</li>\n<li>Requires PIP package <code>tensorflow-hub&gt;=0.2.0</code>.</li>\n</ul>
imagenet-mobilenet_v2_035_192-feature_vector,<h4>Version 1</h4>\n<ul>\n<li>Initial release.</li>\n</ul>\n<h4>Version 2</h4>\n<ul>\n<li>Fixed broken UPDATE_OPS for fine-tuning*comma*\n    <a href="https://github.com/tensorflow/hub/issues/86">GitHub issue 86</a>.</li>\n</ul>\n<h4>Version 3</h4>\n<ul>\n<li>Fine-tuning: change default batch norm momentum to 0.99 and\n    make it configurable.</li>\n<li>Requires PIP package <code>tensorflow-hub&gt;=0.2.0</code>.</li>\n</ul>
imagenet-mobilenet_v2_035_224-classification,<h4>Version 1</h4>\n<ul>\n<li>Initial release.</li>\n</ul>\n<h4>Version 2</h4>\n<ul>\n<li>Fixed broken UPDATE_OPS for fine-tuning*comma*\n    <a href="https://github.com/tensorflow/hub/issues/86">GitHub issue 86</a>.</li>\n</ul>\n<h4>Version 3</h4>\n<ul>\n<li>Fine-tuning: change default batch norm momentum to 0.99 and\n    make it configurable.</li>\n<li>Requires PIP package <code>tensorflow-hub&gt;=0.2.0</code>.</li>\n</ul>
imagenet-mobilenet_v2_035_224-feature_vector,<h4>Version 1</h4>\n<ul>\n<li>Initial release.</li>\n</ul>\n<h4>Version 2</h4>\n<ul>\n<li>Fixed broken UPDATE_OPS for fine-tuning*comma*\n    <a href="https://github.com/tensorflow/hub/issues/86">GitHub issue 86</a>.</li>\n</ul>\n<h4>Version 3</h4>\n<ul>\n<li>Fine-tuning: change default batch norm momentum to 0.99 and\n    make it configurable.</li>\n<li>Requires PIP package <code>tensorflow-hub&gt;=0.2.0</code>.</li>\n</ul>
imagenet-mobilenet_v2_035_96-classification,<h4>Version 1</h4>\n<ul>\n<li>Initial release.</li>\n</ul>\n<h4>Version 2</h4>\n<ul>\n<li>Fixed broken UPDATE_OPS for fine-tuning*comma*\n    <a href="https://github.com/tensorflow/hub/issues/86">GitHub issue 86</a>.</li>\n</ul>\n<h4>Version 3</h4>\n<ul>\n<li>Fine-tuning: change default batch norm momentum to 0.99 and\n    make it configurable.</li>\n<li>Requires PIP package <code>tensorflow-hub&gt;=0.2.0</code>.</li>\n</ul>
imagenet-mobilenet_v2_035_96-feature_vector,<h4>Version 1</h4>\n<ul>\n<li>Initial release.</li>\n</ul>\n<h4>Version 2</h4>\n<ul>\n<li>Fixed broken UPDATE_OPS for fine-tuning*comma*\n    <a href="https://github.com/tensorflow/hub/issues/86">GitHub issue 86</a>.</li>\n</ul>\n<h4>Version 3</h4>\n<ul>\n<li>Fine-tuning: change default batch norm momentum to 0.99 and\n    make it configurable.</li>\n<li>Requires PIP package <code>tensorflow-hub&gt;=0.2.0</code>.</li>\n</ul>
imagenet-mobilenet_v2_050_128-classification,<h4>Version 1</h4>\n<ul>\n<li>Initial release.</li>\n</ul>\n<h4>Version 2</h4>\n<ul>\n<li>Fixed broken UPDATE_OPS for fine-tuning*comma*\n    <a href="https://github.com/tensorflow/hub/issues/86">GitHub issue 86</a>.</li>\n</ul>\n<h4>Version 3</h4>\n<ul>\n<li>Fine-tuning: change default batch norm momentum to 0.99 and\n    make it configurable.</li>\n<li>Requires PIP package <code>tensorflow-hub&gt;=0.2.0</code>.</li>\n</ul>
imagenet-mobilenet_v2_050_128-feature_vector,<h4>Version 1</h4>\n<ul>\n<li>Initial release.</li>\n</ul>\n<h4>Version 2</h4>\n<ul>\n<li>Fixed broken UPDATE_OPS for fine-tuning*comma*\n    <a href="https://github.com/tensorflow/hub/issues/86">GitHub issue 86</a>.</li>\n</ul>\n<h4>Version 3</h4>\n<ul>\n<li>Fine-tuning: change default batch norm momentum to 0.99 and\n    make it configurable.</li>\n<li>Requires PIP package <code>tensorflow-hub&gt;=0.2.0</code>.</li>\n</ul>
imagenet-mobilenet_v2_050_160-classification,<h4>Version 1</h4>\n<ul>\n<li>Initial release.</li>\n</ul>\n<h4>Version 2</h4>\n<ul>\n<li>Fixed broken UPDATE_OPS for fine-tuning*comma*\n    <a href="https://github.com/tensorflow/hub/issues/86">GitHub issue 86</a>.</li>\n</ul>\n<h4>Version 3</h4>\n<ul>\n<li>Fine-tuning: change default batch norm momentum to 0.99 and\n    make it configurable.</li>\n<li>Requires PIP package <code>tensorflow-hub&gt;=0.2.0</code>.</li>\n</ul>
imagenet-mobilenet_v2_050_160-feature_vector,<h4>Version 1</h4>\n<ul>\n<li>Initial release.</li>\n</ul>\n<h4>Version 2</h4>\n<ul>\n<li>Fixed broken UPDATE_OPS for fine-tuning*comma*\n    <a href="https://github.com/tensorflow/hub/issues/86">GitHub issue 86</a>.</li>\n</ul>\n<h4>Version 3</h4>\n<ul>\n<li>Fine-tuning: change default batch norm momentum to 0.99 and\n    make it configurable.</li>\n<li>Requires PIP package <code>tensorflow-hub&gt;=0.2.0</code>.</li>\n</ul>
imagenet-mobilenet_v2_050_192-classification,<h4>Version 1</h4>\n<ul>\n<li>Initial release.</li>\n</ul>\n<h4>Version 2</h4>\n<ul>\n<li>Fixed broken UPDATE_OPS for fine-tuning*comma*\n    <a href="https://github.com/tensorflow/hub/issues/86">GitHub issue 86</a>.</li>\n</ul>\n<h4>Version 3</h4>\n<ul>\n<li>Fine-tuning: change default batch norm momentum to 0.99 and\n    make it configurable.</li>\n<li>Requires PIP package <code>tensorflow-hub&gt;=0.2.0</code>.</li>\n</ul>
imagenet-mobilenet_v2_050_192-feature_vector,<h4>Version 1</h4>\n<ul>\n<li>Initial release.</li>\n</ul>\n<h4>Version 2</h4>\n<ul>\n<li>Fixed broken UPDATE_OPS for fine-tuning*comma*\n    <a href="https://github.com/tensorflow/hub/issues/86">GitHub issue 86</a>.</li>\n</ul>\n<h4>Version 3</h4>\n<ul>\n<li>Fine-tuning: change default batch norm momentum to 0.99 and\n    make it configurable.</li>\n<li>Requires PIP package <code>tensorflow-hub&gt;=0.2.0</code>.</li>\n</ul>
imagenet-mobilenet_v2_050_224-classification,<h4>Version 1</h4>\n<ul>\n<li>Initial release.</li>\n</ul>\n<h4>Version 2</h4>\n<ul>\n<li>Fixed broken UPDATE_OPS for fine-tuning*comma*\n    <a href="https://github.com/tensorflow/hub/issues/86">GitHub issue 86</a>.</li>\n</ul>\n<h4>Version 3</h4>\n<ul>\n<li>Fine-tuning: change default batch norm momentum to 0.99 and\n    make it configurable.</li>\n<li>Requires PIP package <code>tensorflow-hub&gt;=0.2.0</code>.</li>\n</ul>
imagenet-mobilenet_v2_050_224-feature_vector,<h4>Version 1</h4>\n<ul>\n<li>Initial release.</li>\n</ul>\n<h4>Version 2</h4>\n<ul>\n<li>Fixed broken UPDATE_OPS for fine-tuning*comma*\n    <a href="https://github.com/tensorflow/hub/issues/86">GitHub issue 86</a>.</li>\n</ul>\n<h4>Version 3</h4>\n<ul>\n<li>Fine-tuning: change default batch norm momentum to 0.99 and\n    make it configurable.</li>\n<li>Requires PIP package <code>tensorflow-hub&gt;=0.2.0</code>.</li>\n</ul>
imagenet-mobilenet_v2_050_96-classification,<h4>Version 1</h4>\n<ul>\n<li>Initial release.</li>\n</ul>\n<h4>Version 2</h4>\n<ul>\n<li>Fixed broken UPDATE_OPS for fine-tuning*comma*\n    <a href="https://github.com/tensorflow/hub/issues/86">GitHub issue 86</a>.</li>\n</ul>\n<h4>Version 3</h4>\n<ul>\n<li>Fine-tuning: change default batch norm momentum to 0.99 and\n    make it configurable.</li>\n<li>Requires PIP package <code>tensorflow-hub&gt;=0.2.0</code>.</li>\n</ul>
imagenet-mobilenet_v2_050_96-feature_vector,<h4>Version 1</h4>\n<ul>\n<li>Initial release.</li>\n</ul>\n<h4>Version 2</h4>\n<ul>\n<li>Fixed broken UPDATE_OPS for fine-tuning*comma*\n    <a href="https://github.com/tensorflow/hub/issues/86">GitHub issue 86</a>.</li>\n</ul>\n<h4>Version 3</h4>\n<ul>\n<li>Fine-tuning: change default batch norm momentum to 0.99 and\n    make it configurable.</li>\n<li>Requires PIP package <code>tensorflow-hub&gt;=0.2.0</code>.</li>\n</ul>
imagenet-mobilenet_v2_075_128-classification,<h4>Version 1</h4>\n<ul>\n<li>Initial release.</li>\n</ul>\n<h4>Version 2</h4>\n<ul>\n<li>Fixed broken UPDATE_OPS for fine-tuning*comma*\n    <a href="https://github.com/tensorflow/hub/issues/86">GitHub issue 86</a>.</li>\n</ul>\n<h4>Version 3</h4>\n<ul>\n<li>Fine-tuning: change default batch norm momentum to 0.99 and\n    make it configurable.</li>\n<li>Requires PIP package <code>tensorflow-hub&gt;=0.2.0</code>.</li>\n</ul>
imagenet-mobilenet_v2_075_128-feature_vector,<h4>Version 1</h4>\n<ul>\n<li>Initial release.</li>\n</ul>\n<h4>Version 2</h4>\n<ul>\n<li>Fixed broken UPDATE_OPS for fine-tuning*comma*\n    <a href="https://github.com/tensorflow/hub/issues/86">GitHub issue 86</a>.</li>\n</ul>\n<h4>Version 3</h4>\n<ul>\n<li>Fine-tuning: change default batch norm momentum to 0.99 and\n    make it configurable.</li>\n<li>Requires PIP package <code>tensorflow-hub&gt;=0.2.0</code>.</li>\n</ul>
imagenet-mobilenet_v2_075_160-classification,<h4>Version 1</h4>\n<ul>\n<li>Initial release.</li>\n</ul>\n<h4>Version 2</h4>\n<ul>\n<li>Fixed broken UPDATE_OPS for fine-tuning*comma*\n    <a href="https://github.com/tensorflow/hub/issues/86">GitHub issue 86</a>.</li>\n</ul>\n<h4>Version 3</h4>\n<ul>\n<li>Fine-tuning: change default batch norm momentum to 0.99 and\n    make it configurable.</li>\n<li>Requires PIP package <code>tensorflow-hub&gt;=0.2.0</code>.</li>\n</ul>
imagenet-mobilenet_v2_075_160-feature_vector,<h4>Version 1</h4>\n<ul>\n<li>Initial release.</li>\n</ul>\n<h4>Version 2</h4>\n<ul>\n<li>Fixed broken UPDATE_OPS for fine-tuning*comma*\n    <a href="https://github.com/tensorflow/hub/issues/86">GitHub issue 86</a>.</li>\n</ul>\n<h4>Version 3</h4>\n<ul>\n<li>Fine-tuning: change default batch norm momentum to 0.99 and\n    make it configurable.</li>\n<li>Requires PIP package <code>tensorflow-hub&gt;=0.2.0</code>.</li>\n</ul>
imagenet-mobilenet_v2_075_192-classification,<h4>Version 1</h4>\n<ul>\n<li>Initial release.</li>\n</ul>\n<h4>Version 2</h4>\n<ul>\n<li>Fixed broken UPDATE_OPS for fine-tuning*comma*\n    <a href="https://github.com/tensorflow/hub/issues/86">GitHub issue 86</a>.</li>\n</ul>\n<h4>Version 3</h4>\n<ul>\n<li>Fine-tuning: change default batch norm momentum to 0.99 and\n    make it configurable.</li>\n<li>Requires PIP package <code>tensorflow-hub&gt;=0.2.0</code>.</li>\n</ul>
imagenet-mobilenet_v2_075_192-feature_vector,<h4>Version 1</h4>\n<ul>\n<li>Initial release.</li>\n</ul>\n<h4>Version 2</h4>\n<ul>\n<li>Fixed broken UPDATE_OPS for fine-tuning*comma*\n    <a href="https://github.com/tensorflow/hub/issues/86">GitHub issue 86</a>.</li>\n</ul>\n<h4>Version 3</h4>\n<ul>\n<li>Fine-tuning: change default batch norm momentum to 0.99 and\n    make it configurable.</li>\n<li>Requires PIP package <code>tensorflow-hub&gt;=0.2.0</code>.</li>\n</ul>
imagenet-mobilenet_v2_075_224-classification,<h4>Version 1</h4>\n<ul>\n<li>Initial release.</li>\n</ul>\n<h4>Version 2</h4>\n<ul>\n<li>Fixed broken UPDATE_OPS for fine-tuning*comma*\n    <a href="https://github.com/tensorflow/hub/issues/86">GitHub issue 86</a>.</li>\n</ul>\n<h4>Version 3</h4>\n<ul>\n<li>Fine-tuning: change default batch norm momentum to 0.99 and\n    make it configurable.</li>\n<li>Requires PIP package <code>tensorflow-hub&gt;=0.2.0</code>.</li>\n</ul>
imagenet-mobilenet_v2_075_224-feature_vector,<h4>Version 1</h4>\n<ul>\n<li>Initial release.</li>\n</ul>\n<h4>Version 2</h4>\n<ul>\n<li>Fixed broken UPDATE_OPS for fine-tuning*comma*\n    <a href="https://github.com/tensorflow/hub/issues/86">GitHub issue 86</a>.</li>\n</ul>\n<h4>Version 3</h4>\n<ul>\n<li>Fine-tuning: change default batch norm momentum to 0.99 and\n    make it configurable.</li>\n<li>Requires PIP package <code>tensorflow-hub&gt;=0.2.0</code>.</li>\n</ul>
imagenet-mobilenet_v2_075_96-classification,<h4>Version 1</h4>\n<ul>\n<li>Initial release.</li>\n</ul>\n<h4>Version 2</h4>\n<ul>\n<li>Fixed broken UPDATE_OPS for fine-tuning*comma*\n    <a href="https://github.com/tensorflow/hub/issues/86">GitHub issue 86</a>.</li>\n</ul>\n<h4>Version 3</h4>\n<ul>\n<li>Fine-tuning: change default batch norm momentum to 0.99 and\n    make it configurable.</li>\n<li>Requires PIP package <code>tensorflow-hub&gt;=0.2.0</code>.</li>\n</ul>
imagenet-mobilenet_v2_075_96-feature_vector,<h4>Version 1</h4>\n<ul>\n<li>Initial release.</li>\n</ul>\n<h4>Version 2</h4>\n<ul>\n<li>Fixed broken UPDATE_OPS for fine-tuning*comma*\n    <a href="https://github.com/tensorflow/hub/issues/86">GitHub issue 86</a>.</li>\n</ul>\n<h4>Version 3</h4>\n<ul>\n<li>Fine-tuning: change default batch norm momentum to 0.99 and\n    make it configurable.</li>\n<li>Requires PIP package <code>tensorflow-hub&gt;=0.2.0</code>.</li>\n</ul>
imagenet-mobilenet_v2_100_128-classification,<h4>Version 1</h4>\n<ul>\n<li>Initial release.</li>\n</ul>\n<h4>Version 2</h4>\n<ul>\n<li>Fixed broken UPDATE_OPS for fine-tuning*comma*\n    <a href="https://github.com/tensorflow/hub/issues/86">GitHub issue 86</a>.</li>\n</ul>\n<h4>Version 3</h4>\n<ul>\n<li>Fine-tuning: change default batch norm momentum to 0.99 and\n    make it configurable.</li>\n<li>Requires PIP package <code>tensorflow-hub&gt;=0.2.0</code>.</li>\n</ul>
imagenet-mobilenet_v2_100_128-feature_vector,<h4>Version 1</h4>\n<ul>\n<li>Initial release.</li>\n</ul>\n<h4>Version 2</h4>\n<ul>\n<li>Fixed broken UPDATE_OPS for fine-tuning*comma*\n    <a href="https://github.com/tensorflow/hub/issues/86">GitHub issue 86</a>.</li>\n</ul>\n<h4>Version 3</h4>\n<ul>\n<li>Fine-tuning: change default batch norm momentum to 0.99 and\n    make it configurable.</li>\n<li>Requires PIP package <code>tensorflow-hub&gt;=0.2.0</code>.</li>\n</ul>
imagenet-mobilenet_v2_100_160-classification,<h4>Version 1</h4>\n<ul>\n<li>Initial release.</li>\n</ul>\n<h4>Version 2</h4>\n<ul>\n<li>Fixed broken UPDATE_OPS for fine-tuning*comma*\n    <a href="https://github.com/tensorflow/hub/issues/86">GitHub issue 86</a>.</li>\n</ul>\n<h4>Version 3</h4>\n<ul>\n<li>Fine-tuning: change default batch norm momentum to 0.99 and\n    make it configurable.</li>\n<li>Requires PIP package <code>tensorflow-hub&gt;=0.2.0</code>.</li>\n</ul>
imagenet-mobilenet_v2_100_160-feature_vector,<h4>Version 1</h4>\n<ul>\n<li>Initial release.</li>\n</ul>\n<h4>Version 2</h4>\n<ul>\n<li>Fixed broken UPDATE_OPS for fine-tuning*comma*\n    <a href="https://github.com/tensorflow/hub/issues/86">GitHub issue 86</a>.</li>\n</ul>\n<h4>Version 3</h4>\n<ul>\n<li>Fine-tuning: change default batch norm momentum to 0.99 and\n    make it configurable.</li>\n<li>Requires PIP package <code>tensorflow-hub&gt;=0.2.0</code>.</li>\n</ul>
imagenet-mobilenet_v2_100_192-classification,<h4>Version 1</h4>\n<ul>\n<li>Initial release.</li>\n</ul>\n<h4>Version 2</h4>\n<ul>\n<li>Fixed broken UPDATE_OPS for fine-tuning*comma*\n    <a href="https://github.com/tensorflow/hub/issues/86">GitHub issue 86</a>.</li>\n</ul>\n<h4>Version 3</h4>\n<ul>\n<li>Fine-tuning: change default batch norm momentum to 0.99 and\n    make it configurable.</li>\n<li>Requires PIP package <code>tensorflow-hub&gt;=0.2.0</code>.</li>\n</ul>
imagenet-mobilenet_v2_100_192-feature_vector,<h4>Version 1</h4>\n<ul>\n<li>Initial release.</li>\n</ul>\n<h4>Version 2</h4>\n<ul>\n<li>Fixed broken UPDATE_OPS for fine-tuning*comma*\n    <a href="https://github.com/tensorflow/hub/issues/86">GitHub issue 86</a>.</li>\n</ul>\n<h4>Version 3</h4>\n<ul>\n<li>Fine-tuning: change default batch norm momentum to 0.99 and\n    make it configurable.</li>\n<li>Requires PIP package <code>tensorflow-hub&gt;=0.2.0</code>.</li>\n</ul>
imagenet-mobilenet_v2_100_224-classification,<h4>Version 1</h4>\n<ul>\n<li>Initial release.</li>\n</ul>\n<h4>Version 2</h4>\n<ul>\n<li>Fixed broken UPDATE_OPS for fine-tuning*comma*\n    <a href="https://github.com/tensorflow/hub/issues/86">GitHub issue 86</a>.</li>\n</ul>\n<h4>Version 3</h4>\n<ul>\n<li>Fine-tuning: change default batch norm momentum to 0.99 and\n    make it configurable.</li>\n<li>Requires PIP package <code>tensorflow-hub&gt;=0.2.0</code>.</li>\n</ul>
imagenet-mobilenet_v2_100_224-feature_vector,<h4>Version 1</h4>\n<ul>\n<li>Initial release.</li>\n</ul>\n<h4>Version 2</h4>\n<ul>\n<li>Fixed broken UPDATE_OPS for fine-tuning*comma*\n    <a href="https://github.com/tensorflow/hub/issues/86">GitHub issue 86</a>.</li>\n</ul>\n<h4>Version 3</h4>\n<ul>\n<li>Fine-tuning: change default batch norm momentum to 0.99 and\n    make it configurable.</li>\n<li>Requires PIP package <code>tensorflow-hub&gt;=0.2.0</code>.</li>\n</ul>
imagenet-mobilenet_v2_100_96-classification,<h4>Version 1</h4>\n<ul>\n<li>Initial release.</li>\n</ul>\n<h4>Version 2</h4>\n<ul>\n<li>Fixed broken UPDATE_OPS for fine-tuning*comma*\n    <a href="https://github.com/tensorflow/hub/issues/86">GitHub issue 86</a>.</li>\n</ul>\n<h4>Version 3</h4>\n<ul>\n<li>Fine-tuning: change default batch norm momentum to 0.99 and\n    make it configurable.</li>\n<li>Requires PIP package <code>tensorflow-hub&gt;=0.2.0</code>.</li>\n</ul>
imagenet-mobilenet_v2_100_96-feature_vector,<h4>Version 1</h4>\n<ul>\n<li>Initial release.</li>\n</ul>\n<h4>Version 2</h4>\n<ul>\n<li>Fixed broken UPDATE_OPS for fine-tuning*comma*\n    <a href="https://github.com/tensorflow/hub/issues/86">GitHub issue 86</a>.</li>\n</ul>\n<h4>Version 3</h4>\n<ul>\n<li>Fine-tuning: change default batch norm momentum to 0.99 and\n    make it configurable.</li>\n<li>Requires PIP package <code>tensorflow-hub&gt;=0.2.0</code>.</li>\n</ul>
imagenet-mobilenet_v2_130_224-classification,<h4>Version 1</h4>\n<ul>\n<li>Initial release.</li>\n</ul>\n<h4>Version 2</h4>\n<ul>\n<li>Fixed broken UPDATE_OPS for fine-tuning*comma*\n    <a href="https://github.com/tensorflow/hub/issues/86">GitHub issue 86</a>.</li>\n</ul>\n<h4>Version 3</h4>\n<ul>\n<li>Fine-tuning: change default batch norm momentum to 0.99 and\n    make it configurable.</li>\n<li>Requires PIP package <code>tensorflow-hub&gt;=0.2.0</code>.</li>\n</ul>
imagenet-mobilenet_v2_130_224-feature_vector,<h4>Version 1</h4>\n<ul>\n<li>Initial release.</li>\n</ul>\n<h4>Version 2</h4>\n<ul>\n<li>Fixed broken UPDATE_OPS for fine-tuning*comma*\n    <a href="https://github.com/tensorflow/hub/issues/86">GitHub issue 86</a>.</li>\n</ul>\n<h4>Version 3</h4>\n<ul>\n<li>Fine-tuning: change default batch norm momentum to 0.99 and\n    make it configurable.</li>\n<li>Requires PIP package <code>tensorflow-hub&gt;=0.2.0</code>.</li>\n</ul>
imagenet-mobilenet_v2_140_224-classification,<h4>Version 1</h4>\n<ul>\n<li>Initial release.</li>\n</ul>\n<h4>Version 2</h4>\n<ul>\n<li>Fixed broken UPDATE_OPS for fine-tuning*comma*\n    <a href="https://github.com/tensorflow/hub/issues/86">GitHub issue 86</a>.</li>\n</ul>\n<h4>Version 3</h4>\n<ul>\n<li>Fine-tuning: change default batch norm momentum to 0.99 and\n    make it configurable.</li>\n<li>Requires PIP package <code>tensorflow-hub&gt;=0.2.0</code>.</li>\n</ul>
imagenet-mobilenet_v2_140_224-feature_vector,<h4>Version 1</h4>\n<ul>\n<li>Initial release.</li>\n</ul>\n<h4>Version 2</h4>\n<ul>\n<li>Fixed broken UPDATE_OPS for fine-tuning*comma*\n    <a href="https://github.com/tensorflow/hub/issues/86">GitHub issue 86</a>.</li>\n</ul>\n<h4>Version 3</h4>\n<ul>\n<li>Fine-tuning: change default batch norm momentum to 0.99 and\n    make it configurable.</li>\n<li>Requires PIP package <code>tensorflow-hub&gt;=0.2.0</code>.</li>\n</ul>
imagenet-nasnet_large-classification,<h4>Version 1</h4>\n<ul>\n<li>Initial release.</li>\n</ul>\n<h4>Version 3</h4>\n<ul>\n<li>Fine-tuning: change default batch norm momentum to 0.99 and\n    make it configurable.</li>\n<li>Requires PIP package <code>tensorflow-hub&gt;=0.2.0</code>.</li>\n</ul>
imagenet-nasnet_large-feature_vector,<h4>Version 1</h4>\n<ul>\n<li>Initial release.</li>\n</ul>\n<h4>Version 3</h4>\n<ul>\n<li>Fine-tuning: change default batch norm momentum to 0.99 and\n    make it configurable.</li>\n<li>Requires PIP package <code>tensorflow-hub&gt;=0.2.0</code>.</li>\n</ul>
imagenet-nasnet_mobile-classification,<h4>Version 1</h4>\n<ul>\n<li>Initial release.</li>\n</ul>\n<h4>Version 3</h4>\n<ul>\n<li>Fine-tuning: change default batch norm momentum to 0.99 and\n    make it configurable.</li>\n<li>Requires PIP package <code>tensorflow-hub&gt;=0.2.0</code>.</li>\n</ul>
imagenet-nasnet_mobile-feature_vector,<h4>Version 1</h4>\n<ul>\n<li>Initial release.</li>\n</ul>\n<h4>Version 3</h4>\n<ul>\n<li>Fine-tuning: change default batch norm momentum to 0.99 and\n    make it configurable.</li>\n<li>Requires PIP package <code>tensorflow-hub&gt;=0.2.0</code>.</li>\n</ul>
imagenet-pnasnet_large-classification,<h4>Version 1</h4>\n<ul>\n<li>Initial release.</li>\n</ul>\n<h4>Version 2</h4>\n<ul>\n<li>Fixed broken UPDATE_OPS for fine-tuning*comma*\n    <a href="https://github.com/tensorflow/hub/issues/86">GitHub issue 86</a>.</li>\n</ul>\n<h4>Version 3</h4>\n<ul>\n<li>Fine-tuning: change default batch norm momentum to 0.99 and\n    make it configurable.</li>\n<li>Requires PIP package <code>tensorflow-hub&gt;=0.2.0</code>.</li>\n</ul>
imagenet-pnasnet_large-feature_vector,<h4>Version 1</h4>\n<ul>\n<li>Initial release.</li>\n</ul>\n<h4>Version 2</h4>\n<ul>\n<li>Fixed broken UPDATE_OPS for fine-tuning*comma*\n    <a href="https://github.com/tensorflow/hub/issues/86">GitHub issue 86</a>.</li>\n</ul>\n<h4>Version 3</h4>\n<ul>\n<li>Fine-tuning: change default batch norm momentum to 0.99 and\n    make it configurable.</li>\n<li>Requires PIP package <code>tensorflow-hub&gt;=0.2.0</code>.</li>\n</ul>
imagenet-resnet_v1_101-classification,<h4>Version 1</h4>\n<ul>\n<li>Initial release.</li>\n</ul>\n<h4>Version 3</h4>\n<ul>\n<li>Support for variable input size.</li>\n<li>Fine-tuning: change default batch norm momentum to 0.99 and\n    make it configurable.</li>\n<li>Requires PIP package <code>tensorflow-hub&gt;=0.2.0</code>.</li>\n</ul>
imagenet-resnet_v1_101-feature_vector,<h4>Version 1</h4>\n<ul>\n<li>Initial release.</li>\n</ul>\n<h4>Version 3</h4>\n<ul>\n<li>Support for variable input size.</li>\n<li>Fine-tuning: change default batch norm momentum to 0.99 and\n    make it configurable.</li>\n<li>Requires PIP package <code>tensorflow-hub&gt;=0.2.0</code>.</li>\n</ul>
imagenet-resnet_v1_152-classification,<h4>Version 1</h4>\n<ul>\n<li>Initial release.</li>\n</ul>\n<h4>Version 3</h4>\n<ul>\n<li>Support for variable input size.</li>\n<li>Fine-tuning: change default batch norm momentum to 0.99 and\n    make it configurable.</li>\n<li>Requires PIP package <code>tensorflow-hub&gt;=0.2.0</code>.</li>\n</ul>
imagenet-resnet_v1_152-feature_vector,<h4>Version 1</h4>\n<ul>\n<li>Initial release.</li>\n</ul>\n<h4>Version 3</h4>\n<ul>\n<li>Support for variable input size.</li>\n<li>Fine-tuning: change default batch norm momentum to 0.99 and\n    make it configurable.</li>\n<li>Requires PIP package <code>tensorflow-hub&gt;=0.2.0</code>.</li>\n</ul>
imagenet-resnet_v1_50-classification,<h4>Version 1</h4>\n<ul>\n<li>Initial release.</li>\n</ul>\n<h4>Version 3</h4>\n<ul>\n<li>Support for variable input size.</li>\n<li>Fine-tuning: change default batch norm momentum to 0.99 and\n    make it configurable.</li>\n<li>Requires PIP package <code>tensorflow-hub&gt;=0.2.0</code>.</li>\n</ul>
imagenet-resnet_v1_50-feature_vector,<h4>Version 1</h4>\n<ul>\n<li>Initial release.</li>\n</ul>\n<h4>Version 3</h4>\n<ul>\n<li>Support for variable input size.</li>\n<li>Fine-tuning: change default batch norm momentum to 0.99 and\n    make it configurable.</li>\n<li>Requires PIP package <code>tensorflow-hub&gt;=0.2.0</code>.</li>\n</ul>
imagenet-resnet_v2_101-classification,<h4>Version 1</h4>\n<ul>\n<li>Initial release.</li>\n</ul>\n<h4>Version 3</h4>\n<ul>\n<li>Support for variable input size.</li>\n<li>Fine-tuning: change default batch norm momentum to 0.99 and\n    make it configurable.</li>\n<li>Requires PIP package <code>tensorflow-hub&gt;=0.2.0</code>.</li>\n</ul>
imagenet-resnet_v2_101-feature_vector,<h4>Version 1</h4>\n<ul>\n<li>Initial release.</li>\n</ul>\n<h4>Version 3</h4>\n<ul>\n<li>Support for variable input size.</li>\n<li>Fine-tuning: change default batch norm momentum to 0.99 and\n    make it configurable.</li>\n<li>Requires PIP package <code>tensorflow-hub&gt;=0.2.0</code>.</li>\n</ul>
imagenet-resnet_v2_152-classification,<h4>Version 1</h4>\n<ul>\n<li>Initial release.</li>\n</ul>\n<h4>Version 3</h4>\n<ul>\n<li>Support for variable input size.</li>\n<li>Fine-tuning: change default batch norm momentum to 0.99 and\n    make it configurable.</li>\n<li>Requires PIP package <code>tensorflow-hub&gt;=0.2.0</code>.</li>\n</ul>
imagenet-resnet_v2_152-feature_vector,<h4>Version 1</h4>\n<ul>\n<li>Initial release.</li>\n</ul>\n<h4>Version 3</h4>\n<ul>\n<li>Support for variable input size.</li>\n<li>Fine-tuning: change default batch norm momentum to 0.99 and\n    make it configurable.</li>\n<li>Requires PIP package <code>tensorflow-hub&gt;=0.2.0</code>.</li>\n</ul>
imagenet-resnet_v2_50-classification,<h4>Version 1</h4>\n<ul>\n<li>Initial release.</li>\n</ul>\n<h4>Version 3</h4>\n<ul>\n<li>Support for variable input size.</li>\n<li>Fine-tuning: change default batch norm momentum to 0.99 and\n    make it configurable.</li>\n<li>Requires PIP package <code>tensorflow-hub&gt;=0.2.0</code>.</li>\n</ul>
imagenet-resnet_v2_50-feature_vector,<h4>Version 1</h4>\n<ul>\n<li>Initial release.</li>\n</ul>\n<h4>Version 3</h4>\n<ul>\n<li>Support for variable input size.</li>\n<li>Fine-tuning: change default batch norm momentum to 0.99 and\n    make it configurable.</li>\n<li>Requires PIP package <code>tensorflow-hub&gt;=0.2.0</code>.</li>\n</ul>
inaturalist-inception_v3-feature_vector,<h4>Version 1</h4>\n<ul>\n<li>Initial release.</li>\n</ul>\n<h4>Version 3</h4>\n<ul>\n<li>Support for variable input size.</li>\n<li>Fine-tuning: change default batch norm momentum to 0.99 and\n    make it configurable.</li>\n<li>Requires PIP package <code>tensorflow-hub&gt;=0.2.0</code>.</li>\n</ul>
tf2-preview-inception_v3-classification,<h4>Version 1</h4>\n<ul>\n<li>Initial release.</li>\n</ul>\n<h4>Version 2</h4>\n<ul>\n<li>Fixed missing default <code>trainable=False</code>.</li>\n<li>Fixed broken regularization_losses.</li>\n</ul>\n<h4>Version 3</h4>\n<ul>\n<li>Provides proper names for variables*comma* fixing crash in <code>Model.save()</code>\n    (<a href="https://github.com/tensorflow/hub/issues/287">GitHub issue #287</a>).</li>\n</ul>\n<h4>Version 4</h4>\n<ul>\n<li>Adds back missing update ops for batch norm that were lost in version 3*comma*\n    (<a href="https://github.com/tensorflow/hub/issues/304">GitHub issue #304</a>).</li>\n</ul>
tf2-preview-inception_v3-feature_vector,<h4>Version 1</h4>\n<ul>\n<li>Initial release.</li>\n</ul>\n<h4>Version 2</h4>\n<ul>\n<li>Fixed missing default <code>trainable=False</code>.</li>\n<li>Fixed broken regularization_losses.</li>\n</ul>\n<h4>Version 3</h4>\n<ul>\n<li>Provides proper names for variables*comma* fixing crash in <code>Model.save()</code>\n    (<a href="https://github.com/tensorflow/hub/issues/287">GitHub issue #287</a>).</li>\n</ul>\n<h4>Version 4</h4>\n<ul>\n<li>Adds back missing update ops for batch norm that were lost in version 3*comma*\n    (<a href="https://github.com/tensorflow/hub/issues/304">GitHub issue #304</a>).</li>\n</ul>
tf2-preview-mobilenet_v2-classification,<h4>Version 1</h4>\n<ul>\n<li>Initial release.</li>\n</ul>\n<h4>Version 2</h4>\n<ul>\n<li>Fixed missing default <code>trainable=False</code>.</li>\n<li>Fixed broken regularization_losses.</li>\n</ul>\n<h4>Version 3</h4>\n<ul>\n<li>Provides proper names for variables*comma* fixing crash in <code>Model.save()</code>\n    (<a href="https://github.com/tensorflow/hub/issues/287">GitHub issue #287</a>).</li>\n</ul>\n<h4>Version 4</h4>\n<ul>\n<li>Adds back missing update ops for batch norm that were lost in version 3*comma*\n    (<a href="https://github.com/tensorflow/hub/issues/304">GitHub issue #304</a>).</li>\n</ul>
tf2-preview-mobilenet_v2-feature_vector,<h4>Version 1</h4>\n<ul>\n<li>Initial release.</li>\n</ul>\n<h4>Version 2</h4>\n<ul>\n<li>Fixed missing default <code>trainable=False</code>.</li>\n<li>Fixed broken regularization_losses.</li>\n</ul>\n<h4>Version 3</h4>\n<ul>\n<li>Provides proper names for variables*comma* fixing crash in <code>Model.save()</code>\n    (<a href="https://github.com/tensorflow/hub/issues/287">GitHub issue #287</a>).</li>\n</ul>\n<h4>Version 4</h4>\n<ul>\n<li>Adds back missing update ops for batch norm that were lost in version 3*comma*\n    (<a href="https://github.com/tensorflow/hub/issues/304">GitHub issue #304</a>).</li>\n</ul>
universal-sentence-encoder,<h4>Version 1</h4>\n<ul>\n<li>Initial release.</li>\n</ul>\n<h4>Version 2</h4>\n<ul>\n<li>Exposed internal variables as Trainable.</li>\n</ul>\n
universal-sentence-encoder-large,<h4>Version 1</h4>\n<ul>\n<li>Initial release.</li>\n</ul>\n<h4>Version 2</h4>\n<ul>\n<li>Exposed internal variables as Trainable.</li>\n</ul>\n<h4>Version 3</h4>\n<ul>\n<li>Fixed batch invariant <a href="https://github.com/tensorflow/hub/issues/74">bug</a>. This\n   version was retrained and its embedding space differs from previous versions.</li>\n</ul>\n
universal-sentence-encoder-lite,<h4>Version 1</h4>\n<ul>\n<li>Initial release.</li>\n</ul>\n<h4>Version 2</h4>\n<ul>\n<li>Exposed internal variables as Trainable.</li>\n</ul>\n
